{
    "ideal_values_toptan": [
        56373537.0,
        1095156059.3333333,
        487374187.1666667,
        308556244.6666667,
        930109887.1666666,
        442735700.0,
        506665580.8333333,
        442735700.0
    ],
    "ideal_values_gida": [
        109449641.92307693,
        1629869895.4615386,
        1348600433.6923077,
        504288906.61538464,
        2041033204.6153846,
        692432770.9230769,
        901127108.9230769,
        692432770.9230769
    ],
    "ideal_values_insaat": [
        245046450.42857143,
        1854775723.642857,
        1436730622.357143,
        537013721.1428572,
        2582304842.0,
        1145574219.642857,
        1464743537.7142856,
        1145574219.642857
    ],
    "ideal_values_yatirim": [
        126598820.41666667,
        464038287.875,
        587750105.7916666,
        200456362.20833334,
        1550849852.2083333,
        963099746.4166666,
        1122334193.875,
        963099746.4166666
    ],
    "ideal_values_gayrimenkul": [
        106437682.4375,
        206084629.1875,
        422939172.0,
        72759267.5,
        1494987004.75,
        1072047832.75,
        1289462820.9375,
        1072047832.75
    ],
    "ideal_values_enerji": [
        360760247.0,
        612311391.6923077,
        1688145499.0769231,
        396583447.2307692,
        3206034806.4615383,
        1517889307.3846154,
        2227019689.230769,
        1517889307.3846154
    ],
    "ideal_values_hizmet": [
        70019858.26666667,
        378160545.46666664,
        412394327.8666667,
        67703557.86666666,
        835569093.9333333,
        423174766.06666666,
        623309207.3333334,
        423174766.06666666
    ],
    "ideal_values_imalat": [
        167519895.575,
        1163063162.8,
        883299189.875,
        368336595.525,
        1524379502.275,
        641080312.4,
        827878903.15,
        641080312.4
    ],
    "ideal_values_bilisim": [
        89456617.41666667,
        803569498.0833334,
        609727765.4166666,
        300627786.9166667,
        1127856036.5,
        518128271.0833333,
        617079458.5833334,
        518128271.0833333
    ],
    "ideal_values_anametal": [
        365694734.3076923,
        1498427261.2307692,
        949910672.5384616,
        355792111.53846157,
        1734164953.0,
        784254280.4615384,
        1023506350.3846154,
        784254280.4615384
    ],
    "ideal_values_kimya": [
        260695647.3846154,
        994146319.8461539,
        762415339.7692307,
        325388512.3076923,
        1436858169.5384614,
        674442829.7692307,
        900143600.5384616,
        674442829.7692307
    ],
    "ideal_values_tekstil": [
        49100071.7,
        541163065.5,
        581814052.3,
        191842589.2,
        961480085.6,
        379666033.3,
        518187965.1,
        379666033.3
    ]
}