{
    "ideal_values_kimya": [
        0.2979461131840496,
        0.2979461131840496,
        0.16687724309648846,
        0.3380463820196987
    ],
    "ideal_values_imalat": [
        0.2716932548388416,
        0.24592046407488327,
        0.1153602698460061,
        0.22506581588440222
    ],
    "ideal_values_toptan": [
        0.28788210176307055,
        0.24233713719117117,
        0.05780287255590446,
        0.19234351585522266
    ],
    "ideal_values_gida": [
        0.14906639085755952,
        0.14906639085755952,
        0.06860587493023276,
        0.38196593560292846
    ],
    "ideal_values_insaat": [
        0.05654273425802903,
        0.05654273425802903,
        0.07363957716849301,
        0.7369001355882547
    ],
    "ideal_values_yatirim": [
        0.14353132203025895,
        0.1435210615909778,
        0.1242847133865611,
        0.10247179126635608
    ],
    "ideal_values_gayrimenkul": [
        0.08931200049940953,
        0.0579887822710739,
        0.07593106833307643,
        -0.36233953089064513
    ],
    "ideal_values_enerji": [
        0.20799180879570345,
        -3.1131429954465197,
        0.12490625016706328,
        0.6549550081407071
    ],
    "ideal_values_hizmet": [
        0.1757817205321274,
        0.1757817205321274,
        0.10477379816374387,
        -0.22896453593801325
    ],
    "ideal_values_bilisim": [
        -0.3222645534278468,
        -0.3222645534278468,
        0.11254283424825406,
        -0.662069132200638
    ],
    "ideal_values_anametal": [
        0.708323146850881,
        0.35949969042980223,
        0.1837934028929224,
        -5.216377557078367
    ],
    "ideal_values_tekstil": [
        0.2285368609980278,
        0.2285368609980278,
        0.08597957304246308,
        0.5538169528662322
    ]
}