{
    "ideal_values_kimya": [
        0.47048634913679044,
        0.5295136508632096,
        1.432959588335354,
        2.1541611961211204
    ],
    "ideal_values_imalat": [
        0.5901205412677608,
        0.40987945873223924,
        0.8118569790557919,
        2.765165762468534
    ],
    "ideal_values_toptan": [
        0.5459729986793882,
        0.39784236528558314,
        1.2538974540523353,
        4.5097318146174805
    ],
    "ideal_values_gida": [
        0.5537518936402523,
        0.4462481063597476,
        0.9988300644220413,
        2.581124079204164
    ],
    "ideal_values_insaat": [
        0.5476809063754733,
        0.4523190936245266,
        0.9344025993576591,
        2.5013164750038097
    ],
    "ideal_values_yatirim": [
        0.26883617775008584,
        0.7311546881823541,
        12.950623716119875,
        1.4959259636368936
    ],
    "ideal_values_gayrimenkul": [
        0.2520383965516734,
        0.7479616034483263,
        7.623840790837295,
        1.4003424036667724
    ],
    "ideal_values_enerji": [
        0.4941110570993049,
        0.5058889429006951,
        1.275971159180853,
        -0.8269687883422151
    ],
    "ideal_values_hizmet": [
        0.4350742134835632,
        0.5649257865164369,
        1.5305745062758094,
        1.865164698649457
    ],
    "ideal_values_bilisim": [
        0.45609414809721355,
        0.5439058519027865,
        1.6121017362338463,
        2.165666487397182
    ],
    "ideal_values_anametal": [
        0.6053747536140127,
        0.3946268365713135,
        0.90155922054422,
        3.118759387580244
    ],
    "ideal_values_tekstil": [
        0.6069602809441149,
        0.3930397190558851,
        0.6833129435843386,
        2.684021741243975
    ]
}