{
    "ideal_values_kimya": [
        1.8013400445187393,
        1.2426878557648633,
        0.4058996022885582,
        55784571.958333336
    ],
    "ideal_values_imalat": [
        1.3012887055751141,
        0.7189585543747634,
        0.16211512736822273,
        -136978965.36842105
    ],
    "ideal_values_toptan": [
        1.626936053056051,
        1.0478446270200856,
        0.46976741076227263,
        -1395410548.6363637
    ],
    "ideal_values_gida": [
        1.3269958192249607,
        0.6642304237268317,
        0.12055673758332801,
        119430102.375
    ],
    "ideal_values_insaat": [
        1.0840980970580731,
        0.69412425940543,
        0.13720180491470824,
        328765906.8888889
    ],
    "ideal_values_yatirim": [
        11.743440199626638,
        11.102220242883476,
        1.7118771357922973,
        -440481933.8
    ],
    "ideal_values_gayrimenkul": [
        2.1295515682022956,
        1.3831569913194532,
        0.6301197659096999,
        170956539.93103448
    ],
    "ideal_values_enerji": [
        1.1720872550917392,
        0.9618942737923716,
        0.2733739922423204,
        -797619028.7222222
    ],
    "ideal_values_hizmet": [
        1.809628618870591,
        1.2793484912771182,
        0.5549631350722083,
        -565659358.4210526
    ],
    "ideal_values_bilisim": [
        1.7301340274982364,
        1.4292445110255756,
        0.4377305676982045,
        -38414322.08695652
    ],
    "ideal_values_anametal": [
        1.3834440381466409,
        0.6144476796118962,
        0.3014317191854886,
        288646990.7
    ],
    "ideal_values_tekstil": [
        1.2740056451969153,
        0.6552499654343718,
        0.13934510710094117,
        201399276.8181818
    ]
}