{
    "ideal_values_kimya": [
        1.9792312416500775,
        2.5368268840046304,
        0.5021870820296234,
        1.6835416084142822
    ],
    "ideal_values_imalat": [
        1.8167660484587624,
        2.1353169287696354,
        0.5699619401389601,
        -2.037750380806792
    ],
    "ideal_values_toptan": [
        2.1332840110064186,
        2.5891845590559037,
        0.22000546281735592,
        0.2872140080793695
    ],
    "ideal_values_gida": [
        1.7494622258884767,
        3.7373751424818096,
        0.509042864899975,
        0.8748619762235893
    ],
    "ideal_values_insaat": [
        2.564711252349286,
        2.518106359951622,
        0.5119267040261326,
        1.6441533704263824
    ],
    "ideal_values_yatirim": [
        2.2550382459552796,
        2.1441396459124875,
        0.31107834634067294,
        0.9193764178151347
    ],
    "ideal_values_enerji": [
        14.69873500123741,
        1.1529183408390393,
        0.23807566484382447,
        0.6237133624794979
    ],
    "ideal_values_gayrimenkul": [
        0.579605964037798,
        4.276780147487185,
        0.10375251420165849,
        0.004508400504923271
    ],
    "ideal_values_hizmet": [
        15.75727978732439,
        4.400427522364288,
        0.22566567418735384,
        0.5959182393742303
    ],
    "ideal_values_bilisim": [
        6.152249788902713,
        1.525004340523155,
        0.5091196765222867,
        1.3164186636890387
    ],
    "ideal_values_anametal": [
        1.6827524152098912,
        3.2390758660090264,
        0.7318921909852543,
        1.2878659901745337
    ],
    "ideal_values_tekstil": [
        1.5684092279149415,
        3.725017278594375,
        0.4858308272017351,
        -0.020298531631672945
    ]
}