{
    "quantile_boundaries_kimya": [
        0.5170210042849823,
        1.2553283814692247,
        1.5100374971523978,
        1.8248320790680777,
        1.9852753509221224,
        2.1499455858544225,
        2.2031247241734833,
        2.460961333223545,
        2.800938957840524,
        2.957136406842223
    ],
    "quantile_boundaries_imalat": [
        1.7083649448188585,
        2.5983723915000727,
        2.9337594270910397,
        3.8621424860467637,
        4.254157793244469,
        4.960992865355228,
        5.449993371929243,
        6.487301731983193,
        7.591322839511366,
        121.13738503005396
    ],
    "quantile_boundaries_toptan": [
        0.5823926634993996,
        2.3102938329327625,
        2.9296405359761155,
        3.1229446453802554,
        3.3116013384508443,
        3.3333399901857943,
        3.411091527354447,
        3.948665657175929,
        5.342541378047049,
        8.032507742016255
    ],
    "quantile_boundaries_gida": [
        0.5521875804485801,
        0.7961486695890783,
        2.0301219101115233,
        2.5272252330367126,
        2.6368417380834956,
        3.6786546199401142,
        4.3661618705004575,
        5.938527947498114,
        6.925564310844879,
        7.832893456152286
    ],
    "quantile_boundaries_insaat": [
        1.1219192520432386,
        1.6623723419871468,
        2.23272248659209,
        2.667937045600428,
        2.9064988776305594,
        3.141899607479609,
        3.4526144295728596,
        3.751790817253046,
        3.9973588027446083,
        4.154076001115422
    ],
    "quantile_boundaries_yatirim": [
        0.6321662470720009,
        0.9453030103075986,
        1.250515252141668,
        1.439245113081772,
        1.775157658349894,
        2.0329493056410275,
        2.2338629883344367,
        2.4096470953312927,
        2.451447249589283,
        3.161850693023885
    ],
    "quantile_boundaries_enerji": [
        3.705344297609757,
        3.8943951595013755,
        6.20127916978255,
        9.191366446863567,
        11.57410322041391,
        11.624176913228066,
        12.609894280178136,
        13.310693957039799,
        14.153638556149101,
        16.178554777960755
    ],
    "quantile_boundaries_gayrimenkul": [
        0.8619663053774453,
        1.6388490770110313,
        2.043262836168095,
        2.5643506925042416,
        2.8933883318595153,
        3.1708841043008507,
        3.4614783129070883,
        3.953733543239596,
        5.02411895137785,
        11.24744691712785
    ],
    "quantile_boundaries_hizmet": [
        11.985111183703408,
        12.862273956862326,
        14.16724112848869,
        14.643574101046426,
        14.990725476795795,
        15.298785419757358,
        16.710376900103224,
        21.268037701502948,
        29.90728296601124,
        44.55739794514475
    ],
    "quantile_boundaries_bilisim": [
        0.9384088415799426,
        2.72376900223867,
        3.325789680485168,
        3.8090546283995455,
        4.334263468568345,
        4.418753735448992,
        4.537136314709356,
        5.384938129084716,
        5.780558838916088,
        14.366034407765786
    ],
    "quantile_boundaries_anametal": [
        1.9779665133928621,
        1.9779665133928621,
        1.9779665133928621,
        2.277608822688373,
        2.49483691987234,
        2.5697737319090344,
        2.836656087548131,
        3.4311478791158136,
        5.138584385825096,
        15.626930130852966
    ],
    "quantile_boundaries_tekstil": [
        1.6776859633544854,
        1.9500137001785318,
        2.5726371587021157,
        3.0622995541653557,
        3.2443335006272185,
        3.765231567002087,
        3.848518498153345,
        4.253492296741486,
        7.513455592544812,
        17.170976275184604
    ]
}