{
    "quantile_boundaries_toptan": [
        443388064.00754577,
        627927193.2820616,
        788021055.1829803,
        850333847.5895109,
        962661085.7818937,
        1150009992.6530547,
        1340266829.1415293,
        1532462285.3748803,
        1752667777.1930752,
        1979875777.9074807
    ],
    "quantile_boundaries_gida": [
        2029208974.4845598,
        2209344199.8837256,
        2297098679.0669208,
        2583429857.1832213,
        2737217862.0089655,
        3054220291.2491546,
        3089887147.9434695,
        3748188038.9676557,
        6784041089.241121,
        8831661975.498266
    ],
    "quantile_boundaries_insaat": [
        578092840.4009391,
        1489479645.6647525,
        1935574889.975301,
        2312470006.276011,
        2703329366.6263785,
        2858721358.6205153,
        3268417950.8851404,
        3610882357.97451,
        5017420589.161127,
        6074771158.515275
    ],
    "quantile_boundaries_yatirim": [
        540886719.5109773,
        854304788.8752598,
        1606342682.7675278,
        1812232507.1903248,
        2233862888.310844,
        2376386696.667817,
        2407561188.6109085,
        2676827878.7947164,
        4991709796.84954,
        8417670938.360094
    ],
    "quantile_boundaries_gayrimenkul": [
        333012978.5687535,
        600858844.9348757,
        816520687.4001828,
        1355285829.158023,
        1784552802.1908424,
        1872653181.6581652,
        2259834418.2517715,
        2381823537.3622527,
        4627300346.620825,
        7535982046.5401535
    ],
    "quantile_boundaries_enerji": [
        1265372022.467796,
        1727169757.8794947,
        2086859505.9489174,
        2445136058.927673,
        2594096145.314569,
        3811606729.436474,
        4598183653.885078,
        5139947683.0525055,
        6130833114.017494,
        7027955929.839897
    ],
    "quantile_boundaries_hizmet": [
        429840075.31509155,
        489302270.0539715,
        823809305.4503103,
        893489631.8838278,
        943471868.7855852,
        986990550.3636299,
        1154814033.9721956,
        1224291386.348962,
        1728823654.0390892,
        5093675492.603081
    ],
    "quantile_boundaries_imalat": [
        427302248.69214237,
        610408824.29929,
        1061907498.5764167,
        1261510725.3790174,
        1406329077.7754092,
        1731403438.6521327,
        1978018508.184409,
        2360541205.3758307,
        2542907612.4986444,
        6224544123.947379
    ],
    "quantile_boundaries_bilisim": [
        792446391.8244292,
        1282094827.6421773,
        1354414320.1016526,
        1433723238.3832853,
        1504014161.224567,
        1595439590.6388974,
        1671089163.7382033,
        1686259250.908057,
        3470226540.3526554,
        3998579785.403679
    ],
    "quantile_boundaries_anametal": [
        546704698.993285,
        1591387444.0196345,
        1876794611.788819,
        2228327182.0067453,
        2270974452.4188766,
        2476447633.843009,
        2626329640.585349,
        3629434536.075212,
        5252709389.495951,
        6618063750.51986
    ],
    "quantile_boundaries_kimya": [
        672220598.506665,
        949758266.1740527,
        1087993451.8848727,
        1268031091.268545,
        1467167483.0198774,
        1653294079.9551823,
        1924711072.2588184,
        2666601445.725766,
        3814445707.5506406,
        3851020145.8105154
    ],
    "quantile_boundaries_tekstil": [
        221850039.69929463,
        327622953.6285015,
        368965506.66830117,
        629548936.6169432,
        679126303.3197817,
        818338865.5091074,
        842257699.7136918,
        879792236.4794759,
        1364206045.2729847,
        1395301102.6378381
    ]
}