{
    "quantile_boundaries_kimya": [
        375803.95833466644,
        8933538.958333375,
        21586824.29166669,
        48089944.70833332,
        67879288.81944443,
        173221763.80092603,
        306062632.04166657,
        755778970.1527776,
        1069252838.7083328,
        6845878539.958333
    ],
    "quantile_boundaries_imalat": [
        28841746.631578963,
        152964417.8128655,
        179025510.70175433,
        229118214.0350877,
        285003382.5906433,
        447293317.59064335,
        568008233.0350875,
        810207957.7017542,
        1385607890.1461985,
        6576495034.631579
    ],
    "quantile_boundaries_toptan": [
        233764548.63636374,
        1407839096.747475,
        1408650099.858586,
        1415149233.3030305,
        1438321546.858586,
        1461131867.4141414,
        1484745304.969697,
        1605629087.0808082,
        4828335116.171719,
        6710519451.363636
    ],
    "quantile_boundaries_gida": [
        2337319.625000038,
        32680464.70833334,
        72620113.625,
        96991462.375,
        117290439.59722222,
        140862695.9027778,
        330664888.2916666,
        675997193.1805546,
        1144790092.5138886,
        6741007102.375
    ],
    "quantile_boundaries_insaat": [
        41496743.11111111,
        92590287.58024693,
        189830401.50617284,
        251811182.03703701,
        274906018.1111111,
        295928392.32098764,
        324539007.5555555,
        332421967.8888889,
        435266893.22222215,
        682871014.1111112
    ],
    "quantile_boundaries_yatirim": [
        161716026.80000055,
        435220476.80000013,
        438729921.80000025,
        447944761.80000025,
        458745936.13333356,
        486457137.8000036,
        505075053.80000025,
        628642557.1333331,
        906294460.0666664,
        7032697066.2
    ],
    "quantile_boundaries_gayrimenkul": [
        15774238.068965701,
        75206441.26436788,
        111129592.8467433,
        144455715.93103448,
        154461044.93103448,
        160997325.70881227,
        171354150.31034482,
        176824986.48659006,
        218521837.84674323,
        595387774.0689656
    ],
    "quantile_boundaries_enerji": [
        816189519.7222222,
        888634217.0555556,
        957662618.9444444,
        1017566548.0555555,
        1097158264.6111112,
        1273499795.1666667,
        1784806086.3888874,
        2308160517.722222,
        4310422619.61111,
        8323985435.277778
    ],
    "quantile_boundaries_hizmet": [
        563238804.4210526,
        567009788.4210526,
        571192223.4210526,
        573878149.4210526,
        581937161.4210526,
        597977246.4210526,
        628110407.4210525,
        629904911.4210526,
        858415475.4210526,
        5445340641.578947
    ],
    "quantile_boundaries_bilisim": [
        37446810.08695654,
        75989211.42028986,
        93874256.97584541,
        104719256.08695655,
        120704577.53140098,
        166362102.53140104,
        242854974.42028984,
        306593311.642512,
        434597884.4202896,
        4254280677.9130435
    ],
    "quantile_boundaries_anametal": [
        30010395.300000012,
        149651494.14444444,
        166395709.03333333,
        217708827.23333332,
        239824393.92222223,
        446017181.14444435,
        1555560675.9666655,
        2505868564.8555555,
        2569251200.4111114,
        8924835053.7
    ],
    "quantile_boundaries_tekstil": [
        37492084.18181819,
        75856599.52525254,
        110421412.65656567,
        117889560.48484847,
        124486730.04040404,
        127461016.15151514,
        134904328.8181818,
        139151938.7070707,
        183484545.81818184,
        884429518.1818182
    ]
}