{
    "quantile_boundaries_kimya": [
        0.4167357166127832,
        0.568623753666906,
        0.6530085550170053,
        0.7509362525907228,
        0.958690064164347,
        1.229473462593816,
        1.333904187708848,
        1.5636317073100945,
        1.8211739672090017,
        2.1877373609727493
    ],
    "quantile_boundaries_imalat": [
        0.23854656322907936,
        0.27705807523123943,
        0.3293173868048132,
        0.427578809891031,
        0.6390958987766938,
        0.8964863545562631,
        1.0907667926597389,
        1.3713937313861304,
        2.1829077329839586,
        2.7476703810005594
    ],
    "quantile_boundaries_toptan": [
        1.0360723513506316,
        1.9484885392892521,
        2.584572357502568,
        2.6401212727365335,
        2.6876155351048348,
        2.8968831394755648,
        3.448235015732723,
        4.598111442625463,
        5.403037580590844,
        6.696254933237026
    ],
    "quantile_boundaries_gida": [
        0.3449159049600655,
        0.398263679535453,
        0.4496781488915823,
        0.5694984566573689,
        0.7173876193349067,
        1.0012743152599375,
        1.2833318290145437,
        1.5600837915062862,
        2.1187705858300254,
        2.4670829249180852
    ],
    "quantile_boundaries_insaat": [
        0.3100226221939658,
        0.41155197130628846,
        0.5799151257328672,
        0.6223197344418908,
        0.7162506063085733,
        0.850969851679373,
        0.9028616702289226,
        0.9762517335452032,
        1.266293118469348,
        3.557128484763153
    ],
    "quantile_boundaries_yatirim": [
        5.302850232421032,
        7.908666216831096,
        10.378684666118863,
        10.960842090109091,
        11.524744990993055,
        11.73783642330428,
        12.108150356515273,
        13.19810641533232,
        28.729494905591675,
        54.118658049805646
    ],
    "quantile_boundaries_gayrimenkul": [
        1.4357647673296938,
        3.0356696390001305,
        4.577841205384845,
        5.209046384072135,
        5.715351824747716,
        5.87803307495487,
        5.991909861137998,
        6.761791865539225,
        17.406655231216774,
        25.449265105150868
    ],
    "quantile_boundaries_enerji": [
        2.4437485084094623,
        2.445951812749018,
        2.4536860135280945,
        2.465071342718467,
        2.5293984827755827,
        2.820616951206961,
        3.1070445222567353,
        3.3103708522466095,
        4.0056120502777315,
        39.214761434459845
    ],
    "quantile_boundaries_hizmet": [
        0.22346396472985167,
        0.3659583677266472,
        0.3931356406520388,
        0.4589131116928145,
        0.5655412650737625,
        0.8233074228103756,
        0.974352059187834,
        1.1733325920574036,
        1.398112579901976,
        2.3310226557930425
    ],
    "quantile_boundaries_bilisim": [
        0.5008280854869186,
        0.5353874001731124,
        0.5512935446291979,
        0.5926433587292137,
        1.0121420219471393,
        1.336029738136285,
        1.5572882197067381,
        1.6707501127822404,
        2.5137209618135445,
        3.4913780326434862
    ],
    "quantile_boundaries_anametal": [
        0.4293613074221094,
        0.4715693267868928,
        0.5727758698950884,
        0.6225173026341854,
        1.166569716522887,
        1.4009373166453087,
        1.6837015903693573,
        1.9626474922699118,
        2.5718925137117736,
        3.1916866328746365
    ],
    "quantile_boundaries_tekstil": [
        0.0900811659068292,
        0.22948374839597976,
        0.3730831828905104,
        0.3972976969386955,
        0.4623644561585763,
        0.4764654494051224,
        0.6319397482763445,
        0.7716200049352427,
        0.9824397190412533,
        1.6345929013267968
    ]
}