{
    "quantile_boundaries_kimya": [
        0.03815431204581601,
        0.1236494058815191,
        0.14820989909581053,
        0.18571955650695887,
        0.2469670679176702,
        0.2914685058615512,
        0.340554130215555,
        0.39955538958263564,
        0.7710005069824739,
        3.926458332702014
    ],
    "quantile_boundaries_imalat": [
        0.14160454990673402,
        0.23079657475818915,
        0.3415728268042694,
        0.37760750494922046,
        0.4766659446681123,
        0.5932539223204174,
        0.7803477661596594,
        1.045672876801662,
        1.4542135533810752,
        18.620088522185814
    ],
    "quantile_boundaries_toptan": [
        0.13258962369381683,
        0.15117635702717352,
        0.22785450402654608,
        0.33268989749904104,
        0.3360643503472714,
        0.37135399007829845,
        0.46926147308261157,
        0.5488904311657438,
        0.650432634709931,
        0.8582733574926166
    ],
    "quantile_boundaries_gida": [
        0.10132500065364496,
        0.13780558788081151,
        0.22511391740018202,
        0.30790227643436036,
        0.3782741685700626,
        0.39825305983729425,
        0.46973418632629216,
        0.6370192600506946,
        1.0051972691342983,
        1.8060468171822444
    ],
    "quantile_boundaries_insaat": [
        0.24817415431160655,
        0.37727478117563706,
        0.4275588191817263,
        0.5088233159374905,
        0.5600367500521234,
        0.6687553979596959,
        0.9760930370609558,
        1.6411078112536674,
        1.7660541942597163,
        3.558869275415712
    ],
    "quantile_boundaries_yatirim": [
        0.052366737243321304,
        0.11295434508032505,
        0.2156981268853246,
        0.2603011598443258,
        0.3234126026787882,
        0.4152524755651506,
        0.6850499198618915,
        0.8619854047119152,
        1.4981667419596059,
        6.346121404999734
    ],
    "quantile_boundaries_gayrimenkul": [
        0.16831440142134327,
        0.37460795850657763,
        0.4822266094856345,
        0.6707828299573227,
        0.8563553252859648,
        0.9752422103181597,
        1.042375982271737,
        1.4400474120088818,
        2.687772107630987,
        5.881846231253363
    ],
    "quantile_boundaries_enerji": [
        2.558002756942819,
        3.2114877683471907,
        3.216601409243232,
        3.252695248729011,
        3.333181647217876,
        3.60977635547874,
        3.627430280399628,
        3.7798877539502995,
        4.133854018114751,
        65.72048560775252
    ],
    "quantile_boundaries_hizmet": [
        0.3483386668953906,
        0.3557139385595675,
        0.5023893208895068,
        0.5844374006704923,
        0.6066968517555895,
        0.724449498376764,
        0.9621149676008092,
        1.1528283772141275,
        1.587979617926865,
        9.147045495368571
    ],
    "quantile_boundaries_bilisim": [
        0.8427593301400723,
        0.9353806158127994,
        1.1089043692557763,
        1.1881393048313689,
        1.2984899179712344,
        1.3708894932877869,
        1.5902121261381377,
        1.6883679614136553,
        2.464976789344853,
        21.235501571754128
    ],
    "quantile_boundaries_anametal": [
        4.786391459932661,
        5.300743890384912,
        5.5835147169954675,
        5.603345745228558,
        5.6548414600119,
        5.737114842057015,
        5.859346609593521,
        6.368962676427992,
        6.7119654750471565,
        61.731628648852144
    ],
    "quantile_boundaries_tekstil": [
        0.22550900348119834,
        0.2726519709648354,
        0.3050478885103082,
        0.3558154804140316,
        0.4357527267197886,
        0.4863948274266552,
        0.5124007441571654,
        0.6979848520622263,
        0.7572084127919461,
        0.8102472678787249
    ]
}